ticker;origen;destino
1INCHBTC;1INCH;BTC
1INCHBUSD;1INCH;BUSD
1INCHDOWNUSDT;1INCHDOWN;USDT
1INCHUPUSDT;1INCHUP;USDT
1INCHUSDT;1INCH;USDT
AAVEBKRW;AAVE;BKRW
AAVEBNB;AAVE;BNB
AAVEBTC;AAVE;BTC
AAVEBUSD;AAVE;BUSD
AAVEDOWNUSDT;AAVEDOWN;USDT
AAVEETH;AAVE;ETH
AAVEUPUSDT;AAVEUP;USDT
AAVEUSDT;AAVE;USDT
ACMBTC;ACM;BTC
ACMBUSD;ACM;BUSD
ACMUSDT;ACM;USDT
ADAAUD;ADA;AUD
ADABKRW;ADA;BKRW
ADABNB;ADA;BNB
ADABRL;ADA;BRL
ADABTC;ADA;BTC
ADABUSD;ADA;BUSD
ADADOWNUSDT;ADADOWN;USDT
ADAETH;ADA;ETH
ADAEUR;ADA;EUR
ADAGBP;ADA;GBP
ADAPAX;ADA;PAX
ADARUB;ADA;RUB
ADATRY;ADA;TRY
ADATUSD;ADA;TUSD
ADAUPUSDT;ADAUP;USDT
ADAUSDC;ADA;USDC
ADAUSDT;ADA;USDT
ADXBNB;ADX;BNB
ADXBTC;ADX;BTC
ADXETH;ADX;ETH
AEBNB;AE;BNB
AEBTC;AE;BTC
AEETH;AE;ETH
AERGOBTC;AERGO;BTC
AERGOBUSD;AERGO;BUSD
AGIBNB;AGI;BNB
AGIBTC;AGI;BTC
AGIETH;AGI;ETH
AIONBNB;AION;BNB
AIONBTC;AION;BTC
AIONBUSD;AION;BUSD
AIONETH;AION;ETH
AIONUSDT;AION;USDT
AKROBTC;AKRO;BTC
AKROUSDT;AKRO;USDT
ALGOBNB;ALGO;BNB
ALGOBTC;ALGO;BTC
ALGOBUSD;ALGO;BUSD
ALGOPAX;ALGO;PAX
ALGOTUSD;ALGO;TUSD
ALGOUSDC;ALGO;USDC
ALGOUSDT;ALGO;USDT
ALICEBTC;ALICE;BTC
ALICEBUSD;ALICE;BUSD
ALICEUSDT;ALICE;USDT
ALPHABNB;ALPHA;BNB
ALPHABTC;ALPHA;BTC
ALPHABUSD;ALPHA;BUSD
ALPHAUSDT;ALPHA;USDT
AMBBNB;AMB;BNB
AMBBTC;AMB;BTC
AMBETH;AMB;ETH
ANKRBNB;ANKR;BNB
ANKRBTC;ANKR;BTC
ANKRPAX;ANKR;PAX
ANKRTUSD;ANKR;TUSD
ANKRUSDC;ANKR;USDC
ANKRUSDT;ANKR;USDT
ANTBNB;ANT;BNB
ANTBTC;ANT;BTC
ANTBUSD;ANT;BUSD
ANTUSDT;ANT;USDT
APPCBNB;APPC;BNB
APPCBTC;APPC;BTC
APPCETH;APPC;ETH
ARDRBNB;ARDR;BNB
ARDRBTC;ARDR;BTC
ARDRETH;ARDR;ETH
ARDRUSDT;ARDR;USDT
ARKBTC;ARK;BTC
ARKETH;ARK;ETH
ARNBTC;ARN;BTC
ARNETH;ARN;ETH
ARPABNB;ARPA;BNB
ARPABTC;ARPA;BTC
ARPAUSDT;ARPA;USDT
ASRBTC;ASR;BTC
ASRUSDT;ASR;USDT
ASTBTC;AST;BTC
ASTETH;AST;ETH
ATMBTC;ATM;BTC
ATMUSDT;ATM;USDT
ATOMBNB;ATOM;BNB
ATOMBTC;ATOM;BTC
ATOMBUSD;ATOM;BUSD
ATOMPAX;ATOM;PAX
ATOMTUSD;ATOM;TUSD
ATOMUSDC;ATOM;USDC
ATOMUSDT;ATOM;USDT
AUCTIONBTC;AUCTION;BTC
AUCTIONBUSD;AUCTION;BUSD
AUDBUSD;AUD;BUSD
AUDIOBTC;AUDIO;BTC
AUDIOBUSD;AUDIO;BUSD
AUDIOUSDT;AUDIO;USDT
AUDUSDT;AUD;USDT
AUTOBTC;AUTO;BTC
AUTOBUSD;AUTO;BUSD
AUTOUSDT;AUTO;USDT
AVABNB;AVA;BNB
AVABTC;AVA;BTC
AVABUSD;AVA;BUSD
AVAUSDT;AVA;USDT
AVAXBNB;AVAX;BNB
AVAXBTC;AVAX;BTC
AVAXBUSD;AVAX;BUSD
AVAXEUR;AVAX;EUR
AVAXTRY;AVAX;TRY
AVAXUSDT;AVAX;USDT
AXSBNB;AXS;BNB
AXSBTC;AXS;BTC
AXSBUSD;AXS;BUSD
AXSUSDT;AXS;USDT
BADGERBTC;BADGER;BTC
BADGERBUSD;BADGER;BUSD
BADGERUSDT;BADGER;USDT
BAKEBNB;BAKE;BNB
BAKEBUSD;BAKE;BUSD
BAKEUSDT;BAKE;USDT
BALBNB;BAL;BNB
BALBTC;BAL;BTC
BALBUSD;BAL;BUSD
BALUSDT;BAL;USDT
BANDBNB;BAND;BNB
BANDBTC;BAND;BTC
BANDBUSD;BAND;BUSD
BANDUSDT;BAND;USDT
BARBTC;BAR;BTC
BARBUSD;BAR;BUSD
BARUSDT;BAR;USDT
BATBNB;BAT;BNB
BATBTC;BAT;BTC
BATBUSD;BAT;BUSD
BATETH;BAT;ETH
BATPAX;BAT;PAX
BATTUSD;BAT;TUSD
BATUSDC;BAT;USDC
BATUSDT;BAT;USDT
BCCBNB;BCC;BNB
BCCBTC;BCC;BTC
BCCETH;BCC;ETH
BCCUSDT;BCC;USDT
BCDBTC;BCD;BTC
BCDETH;BCD;ETH
BCHABCBTC;BCHABC;BTC
BCHABCBUSD;BCHABC;BUSD
BCHABCPAX;BCHABC;PAX
BCHABCTUSD;BCHABC;TUSD
BCHABCUSDC;BCHABC;USDC
BCHABCUSDT;BCHABC;USDT
BCHABUSD;BCHA;BUSD
BCHBNB;BCH;BNB
BCHBTC;BCH;BTC
BCHBUSD;BCH;BUSD
BCHDOWNUSDT;BCHDOWN;USDT
BCHEUR;BCH;EUR
BCHPAX;BCH;PAX
BCHSVBTC;BCHSV;BTC
BCHSVPAX;BCHSV;PAX
BCHSVTUSD;BCHSV;TUSD
BCHSVUSDC;BCHSV;USDC
BCHSVUSDT;BCHSV;USDT
BCHTUSD;BCH;TUSD
BCHUPUSDT;BCHUP;USDT
BCHUSDC;BCH;USDC
BCHUSDT;BCH;USDT
BCNBNB;BCN;BNB
BCNBTC;BCN;BTC
BCNETH;BCN;ETH
BCPTBNB;BCPT;BNB
BCPTBTC;BCPT;BTC
BCPTETH;BCPT;ETH
BCPTPAX;BCPT;PAX
BCPTTUSD;BCPT;TUSD
BCPTUSDC;BCPT;USDC
BEAMBNB;BEAM;BNB
BEAMBTC;BEAM;BTC
BEAMUSDT;BEAM;USDT
BEARBUSD;BEAR;BUSD
BEARUSDT;BEAR;USDT
BELBNB;BEL;BNB
BELBTC;BEL;BTC
BELBUSD;BEL;BUSD
BELUSDT;BEL;USDT
BETHETH;BETH;ETH
BGBPUSDC;BGBP;USDC
BIFIBNB;BIFI;BNB
BIFIBUSD;BIFI;BUSD
BKRWBUSD;BKRW;BUSD
BKRWUSDT;BKRW;USDT
BLZBNB;BLZ;BNB
BLZBTC;BLZ;BTC
BLZBUSD;BLZ;BUSD
BLZETH;BLZ;ETH
BLZUSDT;BLZ;USDT
BNBAUD;BNB;AUD
BNBBEARBUSD;BNBBEAR;BUSD
BNBBEARUSDT;BNBBEAR;USDT
BNBBIDR;BNB;BIDR
BNBBKRW;BNB;BKRW
BNBBRL;BNB;BRL
BNBBTC;BNB;BTC
BNBBULLBUSD;BNBBULL;BUSD
BNBBULLUSDT;BNBBULL;USDT
BNBBUSD;BNB;BUSD
BNBDAI;BNB;DAI
BNBDOWNUSDT;BNBDOWN;USDT
BNBETH;BNB;ETH
BNBEUR;BNB;EUR
BNBGBP;BNB;GBP
BNBIDRT;BNB;IDRT
BNBNGN;BNB;NGN
BNBPAX;BNB;PAX
BNBRUB;BNB;RUB
BNBTRY;BNB;TRY
BNBTUSD;BNB;TUSD
BNBUAH;BNB;UAH
BNBUPUSDT;BNBUP;USDT
BNBUSDC;BNB;USDC
BNBUSDS;BNB;USDS
BNBUSDT;BNB;USDT
BNBZAR;BNB;ZAR
BNTBTC;BNT;BTC
BNTBUSD;BNT;BUSD
BNTETH;BNT;ETH
BNTUSDT;BNT;USDT
BOTBTC;BOT;BTC
BOTBUSD;BOT;BUSD
BQXBTC;BQX;BTC
BQXETH;BQX;ETH
BRDBNB;BRD;BNB
BRDBTC;BRD;BTC
BRDETH;BRD;ETH
BTCAUD;BTC;AUD
BTCBBTC;BTCB;BTC
BTCBIDR;BTC;BIDR
BTCBKRW;BTC;BKRW
BTCBRL;BTC;BRL
BTCBUSD;BTC;BUSD
BTCDAI;BTC;DAI
BTCDOWNUSDT;BTCDOWN;USDT
BTCEUR;BTC;EUR
BTCGBP;BTC;GBP
BTCIDRT;BTC;IDRT
BTCNGN;BTC;NGN
BTCPAX;BTC;PAX
BTCRUB;BTC;RUB
BTCSTBTC;BTCST;BTC
BTCSTBUSD;BTCST;BUSD
BTCSTUSDT;BTCST;USDT
BTCTRY;BTC;TRY
BTCTUSD;BTC;TUSD
BTCUAH;BTC;UAH
BTCUPUSDT;BTCUP;USDT
BTCUSDC;BTC;USDC
BTCUSDS;BTC;USDS
BTCUSDT;BTC;USDT
BTCVAI;BTC;VAI
BTCZAR;BTC;ZAR
BTGBTC;BTG;BTC
BTGBUSD;BTG;BUSD
BTGETH;BTG;ETH
BTGUSDT;BTG;USDT
BTSBNB;BTS;BNB
BTSBTC;BTS;BTC
BTSBUSD;BTS;BUSD
BTSETH;BTS;ETH
BTSUSDT;BTS;USDT
BTTBNB;BTT;BNB
BTTBRL;BTT;BRL
BTTBTC;BTT;BTC
BTTBUSD;BTT;BUSD
BTTEUR;BTT;EUR
BTTPAX;BTT;PAX
BTTTRX;BTT;TRX
BTTTRY;BTT;TRY
BTTTUSD;BTT;TUSD
BTTUSDC;BTT;USDC
BTTUSDT;BTT;USDT
BULLBUSD;BULL;BUSD
BULLUSDT;BULL;USDT
BURGERBNB;BURGER;BNB
BURGERBUSD;BURGER;BUSD
BURGERUSDT;BURGER;USDT
BUSDBIDR;BUSD;BIDR
BUSDBKRW;BUSD;BKRW
BUSDBRL;BUSD;BRL
BUSDBVND;BUSD;BVND
BUSDDAI;BUSD;DAI
BUSDIDRT;BUSD;IDRT
BUSDNGN;BUSD;NGN
BUSDRUB;BUSD;RUB
BUSDTRY;BUSD;TRY
BUSDUSDT;BUSD;USDT
BUSDVAI;BUSD;VAI
BUSDZAR;BUSD;ZAR
BZRXBNB;BZRX;BNB
BZRXBTC;BZRX;BTC
BZRXBUSD;BZRX;BUSD
BZRXUSDT;BZRX;USDT
CAKEBNB;CAKE;BNB
CAKEBTC;CAKE;BTC
CAKEBUSD;CAKE;BUSD
CAKEGBP;CAKE;GBP
CAKEUSDT;CAKE;USDT
CDTBTC;CDT;BTC
CDTETH;CDT;ETH
CELOBTC;CELO;BTC
CELOUSDT;CELO;USDT
CELRBNB;CELR;BNB
CELRBTC;CELR;BTC
CELRUSDT;CELR;USDT
CFXBTC;CFX;BTC
CFXBUSD;CFX;BUSD
CFXUSDT;CFX;USDT
CHATBTC;CHAT;BTC
CHATETH;CHAT;ETH
CHRBNB;CHR;BNB
CHRBTC;CHR;BTC
CHRUSDT;CHR;USDT
CHZBNB;CHZ;BNB
CHZBRL;CHZ;BRL
CHZBTC;CHZ;BTC
CHZBUSD;CHZ;BUSD
CHZEUR;CHZ;EUR
CHZGBP;CHZ;GBP
CHZTRY;CHZ;TRY
CHZUSDT;CHZ;USDT
CKBBTC;CKB;BTC
CKBBUSD;CKB;BUSD
CKBUSDT;CKB;USDT
CLOAKBTC;CLOAK;BTC
CLOAKETH;CLOAK;ETH
CMTBNB;CMT;BNB
CMTBTC;CMT;BTC
CMTETH;CMT;ETH
CNDBNB;CND;BNB
CNDBTC;CND;BTC
CNDETH;CND;ETH
COCOSBNB;COCOS;BNB
COCOSBTC;COCOS;BTC
COCOSUSDT;COCOS;USDT
COMPBNB;COMP;BNB
COMPBTC;COMP;BTC
COMPBUSD;COMP;BUSD
COMPUSDT;COMP;USDT
COSBNB;COS;BNB
COSBTC;COS;BTC
COSUSDT;COS;USDT
COTIBNB;COTI;BNB
COTIBTC;COTI;BTC
COTIUSDT;COTI;USDT
COVERBUSD;COVER;BUSD
COVERETH;COVER;ETH
CREAMBNB;CREAM;BNB
CREAMBUSD;CREAM;BUSD
CRVBNB;CRV;BNB
CRVBTC;CRV;BTC
CRVBUSD;CRV;BUSD
CRVUSDT;CRV;USDT
CTKBNB;CTK;BNB
CTKBTC;CTK;BTC
CTKBUSD;CTK;BUSD
CTKUSDT;CTK;USDT
CTSIBNB;CTSI;BNB
CTSIBTC;CTSI;BTC
CTSIBUSD;CTSI;BUSD
CTSIUSDT;CTSI;USDT
CTXCBNB;CTXC;BNB
CTXCBTC;CTXC;BTC
CTXCUSDT;CTXC;USDT
CVCBNB;CVC;BNB
CVCBTC;CVC;BTC
CVCETH;CVC;ETH
CVCUSDT;CVC;USDT
CVPBUSD;CVP;BUSD
CVPETH;CVP;ETH
DAIBNB;DAI;BNB
DAIBTC;DAI;BTC
DAIBUSD;DAI;BUSD
DAIUSDT;DAI;USDT
DASHBNB;DASH;BNB
DASHBTC;DASH;BTC
DASHBUSD;DASH;BUSD
DASHETH;DASH;ETH
DASHUSDT;DASH;USDT
DATABTC;DATA;BTC
DATABUSD;DATA;BUSD
DATAETH;DATA;ETH
DATAUSDT;DATA;USDT
DCRBNB;DCR;BNB
DCRBTC;DCR;BTC
DCRBUSD;DCR;BUSD
DCRUSDT;DCR;USDT
DEGOBTC;DEGO;BTC
DEGOBUSD;DEGO;BUSD
DEGOUSDT;DEGO;USDT
DENTBTC;DENT;BTC
DENTETH;DENT;ETH
DENTUSDT;DENT;USDT
DEXEBUSD;DEXE;BUSD
DEXEETH;DEXE;ETH
DFBUSD;DFBUSD;#¡VALOR!
DFETH;DFETH;#¡VALOR!
DGBBNB;DGB;BNB
DGBBTC;DGB;BTC
DGBBUSD;DGB;BUSD
DGBUSDT;DGB;USDT
DGDBTC;DGD;BTC
DGDETH;DGD;ETH
DIABNB;DIA;BNB
DIABTC;DIA;BTC
DIABUSD;DIA;BUSD
DIAUSDT;DIA;USDT
DLTBNB;DLT;BNB
DLTBTC;DLT;BTC
DLTETH;DLT;ETH
DNTBTC;DNT;BTC
DNTBUSD;DNT;BUSD
DNTETH;DNT;ETH
DNTUSDT;DNT;USDT
DOCKBTC;DOCK;BTC
DOCKETH;DOCK;ETH
DOCKUSDT;DOCK;USDT
DODOBTC;DODO;BTC
DODOBUSD;DODO;BUSD
DODOUSDT;DODO;USDT
DOGEAUD;DOGE;AUD
DOGEBNB;DOGE;BNB
DOGEBRL;DOGE;BRL
DOGEBTC;DOGE;BTC
DOGEBUSD;DOGE;BUSD
DOGEEUR;DOGE;EUR
DOGEGBP;DOGE;GBP
DOGEPAX;DOGE;PAX
DOGERUB;DOGE;RUB
DOGETRY;DOGE;TRY
DOGEUSDC;DOGE;USDC
DOGEUSDT;DOGE;USDT
DOTBIDR;DOT;BIDR
DOTBKRW;DOT;BKRW
DOTBNB;DOT;BNB
DOTBRL;DOT;BRL
DOTBTC;DOT;BTC
DOTBUSD;DOT;BUSD
DOTDOWNUSDT;DOTDOWN;USDT
DOTEUR;DOT;EUR
DOTGBP;DOT;GBP
DOTNGN;DOT;NGN
DOTTRY;DOT;TRY
DOTUPUSDT;DOTUP;USDT
DOTUSDT;DOT;USDT
DREPBNB;DREP;BNB
DREPBTC;DREP;BTC
DREPUSDT;DREP;USDT
DUSKBNB;DUSK;BNB
DUSKBTC;DUSK;BTC
DUSKPAX;DUSK;PAX
DUSKUSDC;DUSK;USDC
DUSKUSDT;DUSK;USDT
EASYBTC;EASY;BTC
EASYETH;EASY;ETH
EDOBTC;EDO;BTC
EDOETH;EDO;ETH
EGLDBNB;EGLD;BNB
EGLDBTC;EGLD;BTC
EGLDBUSD;EGLD;BUSD
EGLDEUR;EGLD;EUR
EGLDUSDT;EGLD;USDT
ELFBTC;ELF;BTC
ELFETH;ELF;ETH
ENGBTC;ENG;BTC
ENGETH;ENG;ETH
ENJBNB;ENJ;BNB
ENJBRL;ENJ;BRL
ENJBTC;ENJ;BTC
ENJBUSD;ENJ;BUSD
ENJETH;ENJ;ETH
ENJEUR;ENJ;EUR
ENJGBP;ENJ;GBP
ENJUSDT;ENJ;USDT
EOSBEARBUSD;EOSBEAR;BUSD
EOSBEARUSDT;EOSBEAR;USDT
EOSBNB;EOS;BNB
EOSBTC;EOS;BTC
EOSBULLBUSD;EOSBULL;BUSD
EOSBULLUSDT;EOSBULL;USDT
EOSBUSD;EOS;BUSD
EOSDOWNUSDT;EOSDOWN;USDT
EOSETH;EOS;ETH
EOSEUR;EOS;EUR
EOSPAX;EOS;PAX
EOSTRY;EOS;TRY
EOSTUSD;EOS;TUSD
EOSUPUSDT;EOSUP;USDT
EOSUSDC;EOS;USDC
EOSUSDT;EOS;USDT
EPSBTC;EPS;BTC
EPSBUSD;EPS;BUSD
EPSUSDT;EPS;USDT
ERDBNB;ERD;BNB
ERDBTC;ERD;BTC
ERDBUSD;ERD;BUSD
ERDPAX;ERD;PAX
ERDUSDC;ERD;USDC
ERDUSDT;ERD;USDT
ETCBNB;ETC;BNB
ETCBTC;ETC;BTC
ETCBUSD;ETC;BUSD
ETCETH;ETC;ETH
ETCPAX;ETC;PAX
ETCTUSD;ETC;TUSD
ETCUSDC;ETC;USDC
ETCUSDT;ETC;USDT
ETHAUD;ETH;AUD
ETHBEARBUSD;ETHBEAR;BUSD
ETHBEARUSDT;ETHBEAR;USDT
ETHBIDR;ETH;BIDR
ETHBKRW;ETH;BKRW
ETHBRL;ETH;BRL
ETHBTC;ETH;BTC
ETHBULLBUSD;ETHBULL;BUSD
ETHBULLUSDT;ETHBULL;USDT
ETHBUSD;ETH;BUSD
ETHDAI;ETH;DAI
ETHDOWNUSDT;ETHDOWN;USDT
ETHEUR;ETH;EUR
ETHGBP;ETH;GBP
ETHNGN;ETH;NGN
ETHPAX;ETH;PAX
ETHRUB;ETH;RUB
ETHTRY;ETH;TRY
ETHTUSD;ETH;TUSD
ETHUPUSDT;ETHUP;USDT
ETHUSDC;ETH;USDC
ETHUSDT;ETH;USDT
ETHZAR;ETH;ZAR
EURBUSD;EUR;BUSD
EURUSDT;EUR;USDT
EVXBTC;EVX;BTC
EVXETH;EVX;ETH
EZBTC;EZBTC;#¡VALOR!
EZETH;EZETH;#¡VALOR!
FETBNB;FET;BNB
FETBTC;FET;BTC
FETUSDT;FET;USDT
FILBNB;FIL;BNB
FILBTC;FIL;BTC
FILBUSD;FIL;BUSD
FILDOWNUSDT;FILDOWN;USDT
FILUPUSDT;FILUP;USDT
FILUSDT;FIL;USDT
FIOBNB;FIO;BNB
FIOBTC;FIO;BTC
FIOBUSD;FIO;BUSD
FIOUSDT;FIO;USDT
FIROBTC;FIRO;BTC
FIROETH;FIRO;ETH
FIROUSDT;FIRO;USDT
FISBTC;FIS;BTC
FISBUSD;FIS;BUSD
FISUSDT;FIS;USDT
FLMBNB;FLM;BNB
FLMBTC;FLM;BTC
FLMBUSD;FLM;BUSD
FLMUSDT;FLM;USDT
FORBTC;FOR;BTC
FORBUSD;FOR;BUSD
FORTHBTC;FORTH;BTC
FORTHBUSD;FORTH;BUSD
FORTHUSDT;FORTH;USDT
FRONTBTC;FRONT;BTC
FRONTBUSD;FRONT;BUSD
FRONTETH;FRONT;ETH
FTMBNB;FTM;BNB
FTMBTC;FTM;BTC
FTMPAX;FTM;PAX
FTMTUSD;FTM;TUSD
FTMUSDC;FTM;USDC
FTMUSDT;FTM;USDT
FTTBNB;FTT;BNB
FTTBTC;FTT;BTC
FTTUSDT;FTT;USDT
FUELBTC;FUEL;BTC
FUELETH;FUEL;ETH
FUNBTC;FUN;BTC
FUNETH;FUN;ETH
FUNUSDT;FUN;USDT
FXSBTC;FXS;BTC
FXSBUSD;FXS;BUSD
GASBTC;GAS;BTC
GBPBUSD;GBP;BUSD
GBPUSDT;GBP;USDT
GHSTBUSD;GHST;BUSD
GHSTETH;GHST;ETH
GLMBTC;GLM;BTC
GLMETH;GLM;ETH
GNTBNB;GNT;BNB
GNTBTC;GNT;BTC
GNTETH;GNT;ETH
GOBNB;GOBNB;#¡VALOR!
GOBTC;GOBTC;#¡VALOR!
GRSBTC;GRS;BTC
GRSETH;GRS;ETH
GRTBTC;GRT;BTC
GRTBUSD;GRT;BUSD
GRTETH;GRT;ETH
GRTEUR;GRT;EUR
GRTUSDT;GRT;USDT
GTOBNB;GTO;BNB
GTOBTC;GTO;BTC
GTOETH;GTO;ETH
GTOPAX;GTO;PAX
GTOTUSD;GTO;TUSD
GTOUSDC;GTO;USDC
GTOUSDT;GTO;USDT
GVTBTC;GVT;BTC
GVTETH;GVT;ETH
GXSBTC;GXS;BTC
GXSETH;GXS;ETH
GXSUSDT;GXS;USDT
HARDBNB;HARD;BNB
HARDBTC;HARD;BTC
HARDBUSD;HARD;BUSD
HARDUSDT;HARD;USDT
HBARBNB;HBAR;BNB
HBARBTC;HBAR;BTC
HBARBUSD;HBAR;BUSD
HBARUSDT;HBAR;USDT
HCBTC;HCBTC;#¡VALOR!
HCETH;HCETH;#¡VALOR!
HCUSDT;HCUSDT;#¡VALOR!
HEGICBUSD;HEGIC;BUSD
HEGICETH;HEGIC;ETH
HIVEBNB;HIVE;BNB
HIVEBTC;HIVE;BTC
HIVEUSDT;HIVE;USDT
HNTBTC;HNT;BTC
HNTUSDT;HNT;USDT
HOTBNB;HOT;BNB
HOTBRL;HOT;BRL
HOTBTC;HOT;BTC
HOTBUSD;HOT;BUSD
HOTETH;HOT;ETH
HOTEUR;HOT;EUR
HOTTRY;HOT;TRY
HOTUSDT;HOT;USDT
HSRBTC;HSR;BTC
HSRETH;HSR;ETH
ICNBTC;ICN;BTC
ICNETH;ICN;ETH
ICXBNB;ICX;BNB
ICXBTC;ICX;BTC
ICXBUSD;ICX;BUSD
ICXETH;ICX;ETH
ICXUSDT;ICX;USDT
IDEXBTC;IDEX;BTC
IDEXBUSD;IDEX;BUSD
INJBNB;INJ;BNB
INJBTC;INJ;BTC
INJBUSD;INJ;BUSD
INJUSDT;INJ;USDT
INSBTC;INS;BTC
INSETH;INS;ETH
IOSTBNB;IOST;BNB
IOSTBTC;IOST;BTC
IOSTBUSD;IOST;BUSD
IOSTETH;IOST;ETH
IOSTUSDT;IOST;USDT
IOTABNB;IOTA;BNB
IOTABTC;IOTA;BTC
IOTABUSD;IOTA;BUSD
IOTAETH;IOTA;ETH
IOTAUSDT;IOTA;USDT
IOTXBTC;IOTX;BTC
IOTXETH;IOTX;ETH
IOTXUSDT;IOTX;USDT
IQBNB;IQBNB;#¡VALOR!
IQBUSD;IQBUSD;#¡VALOR!
IRISBNB;IRIS;BNB
IRISBTC;IRIS;BTC
IRISBUSD;IRIS;BUSD
IRISUSDT;IRIS;USDT
JSTBNB;JST;BNB
JSTBTC;JST;BTC
JSTBUSD;JST;BUSD
JSTUSDT;JST;USDT
JUVBTC;JUV;BTC
JUVBUSD;JUV;BUSD
JUVUSDT;JUV;USDT
KAVABNB;KAVA;BNB
KAVABTC;KAVA;BTC
KAVAUSDT;KAVA;USDT
KEYBTC;KEY;BTC
KEYETH;KEY;ETH
KEYUSDT;KEY;USDT
KMDBTC;KMD;BTC
KMDBUSD;KMD;BUSD
KMDETH;KMD;ETH
KMDUSDT;KMD;USDT
KNCBTC;KNC;BTC
KNCBUSD;KNC;BUSD
KNCETH;KNC;ETH
KNCUSDT;KNC;USDT
KP3RBNB;KP3R;BNB
KP3RBUSD;KP3R;BUSD
KSMBNB;KSM;BNB
KSMBTC;KSM;BTC
KSMBUSD;KSM;BUSD
KSMUSDT;KSM;USDT
LENDBKRW;LEND;BKRW
LENDBTC;LEND;BTC
LENDBUSD;LEND;BUSD
LENDETH;LEND;ETH
LENDUSDT;LEND;USDT
LINABTC;LINA;BTC
LINABUSD;LINA;BUSD
LINAUSDT;LINA;USDT
LINKAUD;LINK;AUD
LINKBKRW;LINK;BKRW
LINKBRL;LINK;BRL
LINKBTC;LINK;BTC
LINKBUSD;LINK;BUSD
LINKDOWNUSDT;LINKDOWN;USDT
LINKETH;LINK;ETH
LINKEUR;LINK;EUR
LINKGBP;LINK;GBP
LINKNGN;LINK;NGN
LINKPAX;LINK;PAX
LINKTRY;LINK;TRY
LINKTUSD;LINK;TUSD
LINKUPUSDT;LINKUP;USDT
LINKUSDC;LINK;USDC
LINKUSDT;LINK;USDT
LITBTC;LIT;BTC
LITBUSD;LIT;BUSD
LITUSDT;LIT;USDT
LOOMBNB;LOOM;BNB
LOOMBTC;LOOM;BTC
LOOMETH;LOOM;ETH
LRCBTC;LRC;BTC
LRCBUSD;LRC;BUSD
LRCETH;LRC;ETH
LRCUSDT;LRC;USDT
LSKBNB;LSK;BNB
LSKBTC;LSK;BTC
LSKETH;LSK;ETH
LSKUSDT;LSK;USDT
LTCBNB;LTC;BNB
LTCBRL;LTC;BRL
LTCBTC;LTC;BTC
LTCBUSD;LTC;BUSD
LTCDOWNUSDT;LTCDOWN;USDT
LTCETH;LTC;ETH
LTCEUR;LTC;EUR
LTCGBP;LTC;GBP
LTCNGN;LTC;NGN
LTCPAX;LTC;PAX
LTCRUB;LTC;RUB
LTCTUSD;LTC;TUSD
LTCUPUSDT;LTCUP;USDT
LTCUSDC;LTC;USDC
LTCUSDT;LTC;USDT
LTOBNB;LTO;BNB
LTOBTC;LTO;BTC
LTOUSDT;LTO;USDT
LUNABNB;LUNA;BNB
LUNABTC;LUNA;BTC
LUNABUSD;LUNA;BUSD
LUNAEUR;LUNA;EUR
LUNAUSDT;LUNA;USDT
LUNBTC;LUN;BTC
LUNETH;LUN;ETH
MANABTC;MANA;BTC
MANABUSD;MANA;BUSD
MANAETH;MANA;ETH
MANAUSDT;MANA;USDT
MATICBNB;MATIC;BNB
MATICBTC;MATIC;BTC
MATICBUSD;MATIC;BUSD
MATICEUR;MATIC;EUR
MATICUSDT;MATIC;USDT
MBLBNB;MBL;BNB
MBLBTC;MBL;BTC
MBLUSDT;MBL;USDT
MCOBNB;MCO;BNB
MCOBTC;MCO;BTC
MCOETH;MCO;ETH
MCOUSDT;MCO;USDT
MDABTC;MDA;BTC
MDAETH;MDA;ETH
MDTBNB;MDT;BNB
MDTBTC;MDT;BTC
MDTUSDT;MDT;USDT
MFTBNB;MFT;BNB
MFTBTC;MFT;BTC
MFTETH;MFT;ETH
MFTUSDT;MFT;USDT
MIRBTC;MIR;BTC
MIRBUSD;MIR;BUSD
MIRUSDT;MIR;USDT
MITHBNB;MITH;BNB
MITHBTC;MITH;BTC
MITHUSDT;MITH;USDT
MKRBNB;MKR;BNB
MKRBTC;MKR;BTC
MKRBUSD;MKR;BUSD
MKRUSDT;MKR;USDT
MODBTC;MOD;BTC
MODETH;MOD;ETH
MTHBTC;MTH;BTC
MTHETH;MTH;ETH
MTLBTC;MTL;BTC
MTLETH;MTL;ETH
MTLUSDT;MTL;USDT
NANOBNB;NANO;BNB
NANOBTC;NANO;BTC
NANOBUSD;NANO;BUSD
NANOETH;NANO;ETH
NANOUSDT;NANO;USDT
NASBNB;NAS;BNB
NASBTC;NAS;BTC
NASETH;NAS;ETH
NAVBNB;NAV;BNB
NAVBTC;NAV;BTC
NAVETH;NAV;ETH
NBSBTC;NBS;BTC
NBSUSDT;NBS;USDT
NCASHBNB;NCASH;BNB
NCASHBTC;NCASH;BTC
NCASHETH;NCASH;ETH
NEARBNB;NEAR;BNB
NEARBTC;NEAR;BTC
NEARBUSD;NEAR;BUSD
NEARUSDT;NEAR;USDT
NEBLBNB;NEBL;BNB
NEBLBTC;NEBL;BTC
NEBLETH;NEBL;ETH
NEOBNB;NEO;BNB
NEOBTC;NEO;BTC
NEOBUSD;NEO;BUSD
NEOETH;NEO;ETH
NEOPAX;NEO;PAX
NEOTRY;NEO;TRY
NEOTUSD;NEO;TUSD
NEOUSDC;NEO;USDC
NEOUSDT;NEO;USDT
NKNBNB;NKN;BNB
NKNBTC;NKN;BTC
NKNUSDT;NKN;USDT
NMRBNB;NMR;BNB
NMRBTC;NMR;BTC
NMRBUSD;NMR;BUSD
NMRUSDT;NMR;USDT
NPXSBTC;NPXS;BTC
NPXSETH;NPXS;ETH
NPXSUSDC;NPXS;USDC
NPXSUSDT;NPXS;USDT
NULSBNB;NULS;BNB
NULSBTC;NULS;BTC
NULSETH;NULS;ETH
NULSUSDT;NULS;USDT
NXSBNB;NXS;BNB
NXSBTC;NXS;BTC
NXSETH;NXS;ETH
OAXBTC;OAX;BTC
OAXETH;OAX;ETH
OCEANBNB;OCEAN;BNB
OCEANBTC;OCEAN;BTC
OCEANBUSD;OCEAN;BUSD
OCEANUSDT;OCEAN;USDT
OGBTC;OGBTC;#¡VALOR!
OGNBNB;OGN;BNB
OGNBTC;OGN;BTC
OGNUSDT;OGN;USDT
OGUSDT;OGUSDT;#¡VALOR!
OMBTC;OMBTC;#¡VALOR!
OMBUSD;OMBUSD;#¡VALOR!
OMGBNB;OMG;BNB
OMGBTC;OMG;BTC
OMGBUSD;OMG;BUSD
OMGETH;OMG;ETH
OMGUSDT;OMG;USDT
OMUSDT;OMUSDT;#¡VALOR!
ONEBIDR;ONE;BIDR
ONEBNB;ONE;BNB
ONEBTC;ONE;BTC
ONEBUSD;ONE;BUSD
ONEPAX;ONE;PAX
ONETUSD;ONE;TUSD
ONEUSDC;ONE;USDC
ONEUSDT;ONE;USDT
ONGBNB;ONG;BNB
ONGBTC;ONG;BTC
ONGUSDT;ONG;USDT
ONTBNB;ONT;BNB
ONTBTC;ONT;BTC
ONTBUSD;ONT;BUSD
ONTETH;ONT;ETH
ONTPAX;ONT;PAX
ONTTRY;ONT;TRY
ONTUSDC;ONT;USDC
ONTUSDT;ONT;USDT
ORNBTC;ORN;BTC
ORNUSDT;ORN;USDT
OSTBNB;OST;BNB
OSTBTC;OST;BTC
OSTETH;OST;ETH
OXTBTC;OXT;BTC
OXTUSDT;OXT;USDT
PAXBNB;PAX;BNB
PAXBTC;PAX;BTC
PAXBUSD;PAX;BUSD
PAXETH;PAX;ETH
PAXGBNB;PAXG;BNB
PAXGBTC;PAXG;BTC
PAXGBUSD;PAXG;BUSD
PAXGUSDT;PAXG;USDT
PAXTUSD;PAX;TUSD
PAXUSDT;PAX;USDT
PERLBNB;PERL;BNB
PERLBTC;PERL;BTC
PERLUSDC;PERL;USDC
PERLUSDT;PERL;USDT
PERPBTC;PERP;BTC
PERPBUSD;PERP;BUSD
PERPUSDT;PERP;USDT
PHABTC;PHA;BTC
PHABUSD;PHA;BUSD
PHBBNB;PHB;BNB
PHBBTC;PHB;BTC
PHBPAX;PHB;PAX
PHBTUSD;PHB;TUSD
PHBUSDC;PHB;USDC
PHXBNB;PHX;BNB
PHXBTC;PHX;BTC
PHXETH;PHX;ETH
PIVXBNB;PIVX;BNB
PIVXBTC;PIVX;BTC
PIVXETH;PIVX;ETH
PNTBTC;PNT;BTC
PNTUSDT;PNT;USDT
POABNB;POA;BNB
POABTC;POA;BTC
POAETH;POA;ETH
POEBTC;POE;BTC
POEETH;POE;ETH
POLYBNB;POLY;BNB
POLYBTC;POLY;BTC
PONDBTC;POND;BTC
PONDBUSD;POND;BUSD
PONDUSDT;POND;USDT
POWRBNB;POWR;BNB
POWRBTC;POWR;BTC
POWRETH;POWR;ETH
PPTBTC;PPT;BTC
PPTETH;PPT;ETH
PROMBNB;PROM;BNB
PROMBUSD;PROM;BUSD
PROSETH;PROS;ETH
PSGBTC;PSG;BTC
PSGBUSD;PSG;BUSD
PSGUSDT;PSG;USDT
PUNDIXETH;PUNDIX;ETH
PUNDIXUSDT;PUNDIX;USDT
QKCBTC;QKC;BTC
QKCETH;QKC;ETH
QLCBNB;QLC;BNB
QLCBTC;QLC;BTC
QLCETH;QLC;ETH
QSPBNB;QSP;BNB
QSPBTC;QSP;BTC
QSPETH;QSP;ETH
QTUMBNB;QTUM;BNB
QTUMBTC;QTUM;BTC
QTUMBUSD;QTUM;BUSD
QTUMETH;QTUM;ETH
QTUMUSDT;QTUM;USDT
RAMPBTC;RAMP;BTC
RAMPBUSD;RAMP;BUSD
RAMPUSDT;RAMP;USDT
RCNBNB;RCN;BNB
RCNBTC;RCN;BTC
RCNETH;RCN;ETH
RDNBNB;RDN;BNB
RDNBTC;RDN;BTC
RDNETH;RDN;ETH
REEFBTC;REEF;BTC
REEFBUSD;REEF;BUSD
REEFUSDT;REEF;USDT
RENBNB;REN;BNB
RENBTC;REN;BTC
RENBTCBTC;RENBTC;BTC
RENBTCETH;RENBTC;ETH
RENUSDT;REN;USDT
REPBNB;REP;BNB
REPBTC;REP;BTC
REPBUSD;REP;BUSD
REPETH;REP;ETH
REPUSDT;REP;USDT
REQBTC;REQ;BTC
REQETH;REQ;ETH
RIFBTC;RIF;BTC
RIFUSDT;RIF;USDT
RLCBNB;RLC;BNB
RLCBTC;RLC;BTC
RLCETH;RLC;ETH
RLCUSDT;RLC;USDT
ROSEBTC;ROSE;BTC
ROSEBUSD;ROSE;BUSD
ROSEUSDT;ROSE;USDT
RPXBNB;RPX;BNB
RPXBTC;RPX;BTC
RPXETH;RPX;ETH
RSRBNB;RSR;BNB
RSRBTC;RSR;BTC
RSRBUSD;RSR;BUSD
RSRUSDT;RSR;USDT
RUNEBNB;RUNE;BNB
RUNEBTC;RUNE;BTC
RUNEBUSD;RUNE;BUSD
RUNEUSDT;RUNE;USDT
RVNBNB;RVN;BNB
RVNBTC;RVN;BTC
RVNBUSD;RVN;BUSD
RVNTRY;RVN;TRY
RVNUSDT;RVN;USDT
SALTBTC;SALT;BTC
SALTETH;SALT;ETH
SANDBNB;SAND;BNB
SANDBTC;SAND;BTC
SANDBUSD;SAND;BUSD
SANDUSDT;SAND;USDT
SCBNB;SCBNB;#¡VALOR!
SCBTC;SCBTC;#¡VALOR!
SCETH;SCETH;#¡VALOR!
SCRTBTC;SCRT;BTC
SCRTETH;SCRT;ETH
SCUSDT;SCUSDT;#¡VALOR!
SFPBTC;SFP;BTC
SFPBUSD;SFP;BUSD
SFPUSDT;SFP;USDT
SKLBTC;SKL;BTC
SKLBUSD;SKL;BUSD
SKLUSDT;SKL;USDT
SKYBNB;SKY;BNB
SKYBTC;SKY;BTC
SKYETH;SKY;ETH
SLPBUSD;SLP;BUSD
SLPETH;SLP;ETH
SLPUSDT;SLP;USDT
SNGLSBTC;SNGLS;BTC
SNGLSETH;SNGLS;ETH
SNMBTC;SNM;BTC
SNMETH;SNM;ETH
SNTBTC;SNT;BTC
SNTETH;SNT;ETH
SNXBNB;SNX;BNB
SNXBTC;SNX;BTC
SNXBUSD;SNX;BUSD
SNXUSDT;SNX;USDT
SOLBNB;SOL;BNB
SOLBTC;SOL;BTC
SOLBUSD;SOL;BUSD
SOLUSDT;SOL;USDT
SPARTABNB;SPARTA;BNB
SRMBIDR;SRM;BIDR
SRMBNB;SRM;BNB
SRMBTC;SRM;BTC
SRMBUSD;SRM;BUSD
SRMUSDT;SRM;USDT
STEEMBNB;STEEM;BNB
STEEMBTC;STEEM;BTC
STEEMETH;STEEM;ETH
STMXBNB;STMX;BNB
STMXBTC;STMX;BTC
STMXETH;STMX;ETH
STMXUSDT;STMX;USDT
STORJBTC;STORJ;BTC
STORJBUSD;STORJ;BUSD
STORJETH;STORJ;ETH
STORJUSDT;STORJ;USDT
STORMBNB;STORM;BNB
STORMBTC;STORM;BTC
STORMETH;STORM;ETH
STORMUSDT;STORM;USDT
STPTBNB;STPT;BNB
STPTBTC;STPT;BTC
STPTUSDT;STPT;USDT
STRATBNB;STRAT;BNB
STRATBTC;STRAT;BTC
STRATBUSD;STRAT;BUSD
STRATETH;STRAT;ETH
STRATUSDT;STRAT;USDT
STRAXBTC;STRAX;BTC
STRAXBUSD;STRAX;BUSD
STRAXETH;STRAX;ETH
STRAXUSDT;STRAX;USDT
STXBNB;STX;BNB
STXBTC;STX;BTC
STXUSDT;STX;USDT
SUBBTC;SUB;BTC
SUBETH;SUB;ETH
SUNBTC;SUN;BTC
SUNUSDT;SUN;USDT
SUPERBTC;SUPER;BTC
SUPERBUSD;SUPER;BUSD
SUPERUSDT;SUPER;USDT
SUSDBTC;SUSD;BTC
SUSDETH;SUSD;ETH
SUSDUSDT;SUSD;USDT
SUSHIBNB;SUSHI;BNB
SUSHIBTC;SUSHI;BTC
SUSHIBUSD;SUSHI;BUSD
SUSHIDOWNUSDT;SUSHIDOWN;USDT
SUSHIUPUSDT;SUSHIUP;USDT
SUSHIUSDT;SUSHI;USDT
SWRVBNB;SWRV;BNB
SWRVBUSD;SWRV;BUSD
SXPAUD;SXP;AUD
SXPBIDR;SXP;BIDR
SXPBNB;SXP;BNB
SXPBTC;SXP;BTC
SXPBUSD;SXP;BUSD
SXPDOWNUSDT;SXPDOWN;USDT
SXPEUR;SXP;EUR
SXPGBP;SXP;GBP
SXPTRY;SXP;TRY
SXPUPUSDT;SXPUP;USDT
SXPUSDT;SXP;USDT
SYSBNB;SYS;BNB
SYSBTC;SYS;BTC
SYSBUSD;SYS;BUSD
SYSETH;SYS;ETH
TCTBNB;TCT;BNB
TCTBTC;TCT;BTC
TCTUSDT;TCT;USDT
TFUELBNB;TFUEL;BNB
TFUELBTC;TFUEL;BTC
TFUELPAX;TFUEL;PAX
TFUELTUSD;TFUEL;TUSD
TFUELUSDC;TFUEL;USDC
TFUELUSDT;TFUEL;USDT
THETABNB;THETA;BNB
THETABTC;THETA;BTC
THETAETH;THETA;ETH
THETAEUR;THETA;EUR
THETAUSDT;THETA;USDT
TKOBIDR;TKO;BIDR
TKOBTC;TKO;BTC
TKOBUSD;TKO;BUSD
TKOUSDT;TKO;USDT
TLMBTC;TLM;BTC
TLMBUSD;TLM;BUSD
TLMUSDT;TLM;USDT
TNBBTC;TNB;BTC
TNBETH;TNB;ETH
TNTBTC;TNT;BTC
TNTETH;TNT;ETH
TOMOBNB;TOMO;BNB
TOMOBTC;TOMO;BTC
TOMOBUSD;TOMO;BUSD
TOMOUSDC;TOMO;USDC
TOMOUSDT;TOMO;USDT
TRBBNB;TRB;BNB
TRBBTC;TRB;BTC
TRBBUSD;TRB;BUSD
TRBUSDT;TRB;USDT
TRIGBNB;TRIG;BNB
TRIGBTC;TRIG;BTC
TRIGETH;TRIG;ETH
TROYBNB;TROY;BNB
TROYBTC;TROY;BTC
TROYUSDT;TROY;USDT
TRUBTC;TRU;BTC
TRUBUSD;TRU;BUSD
TRUUSDT;TRU;USDT
TRXAUD;TRX;AUD
TRXBNB;TRX;BNB
TRXBTC;TRX;BTC
TRXBUSD;TRX;BUSD
TRXDOWNUSDT;TRXDOWN;USDT
TRXETH;TRX;ETH
TRXEUR;TRX;EUR
TRXNGN;TRX;NGN
TRXPAX;TRX;PAX
TRXTRY;TRX;TRY
TRXTUSD;TRX;TUSD
TRXUPUSDT;TRXUP;USDT
TRXUSDC;TRX;USDC
TRXUSDT;TRX;USDT
TRXXRP;TRX;XRP
TUSDBNB;TUSD;BNB
TUSDBTC;TUSD;BTC
TUSDBTUSD;TUSDB;TUSD
TUSDBUSD;TUSD;BUSD
TUSDETH;TUSD;ETH
TUSDUSDT;TUSD;USDT
TVKBTC;TVK;BTC
TVKBUSD;TVK;BUSD
TWTBTC;TWT;BTC
TWTBUSD;TWT;BUSD
TWTUSDT;TWT;USDT
UFTBUSD;UFT;BUSD
UFTETH;UFT;ETH
UMABTC;UMA;BTC
UMAUSDT;UMA;USDT
UNFIBNB;UNFI;BNB
UNFIBTC;UNFI;BTC
UNFIBUSD;UNFI;BUSD
UNFIUSDT;UNFI;USDT
UNIBNB;UNI;BNB
UNIBTC;UNI;BTC
UNIBUSD;UNI;BUSD
UNIDOWNUSDT;UNIDOWN;USDT
UNIEUR;UNI;EUR
UNIUPUSDT;UNIUP;USDT
UNIUSDT;UNI;USDT
USDCBNB;USDC;BNB
USDCBUSD;USDC;BUSD
USDCPAX;USDC;PAX
USDCTUSD;USDC;TUSD
USDCUSDT;USDC;USDT
USDSBUSDS;USDSB;USDS
USDSBUSDT;USDSB;USDT
USDSPAX;USDS;PAX
USDSTUSD;USDS;TUSD
USDSUSDC;USDS;USDC
USDSUSDT;USDS;USDT
USDTBIDR;USDT;BIDR
USDTBKRW;USDT;BKRW
USDTBRL;USDT;BRL
USDTBVND;USDT;BVND
USDTDAI;USDT;DAI
USDTIDRT;USDT;IDRT
USDTNGN;USDT;NGN
USDTRUB;USDT;RUB
USDTTRY;USDT;TRY
USDTUAH;USDT;UAH
USDTZAR;USDT;ZAR
UTKBTC;UTK;BTC
UTKUSDT;UTK;USDT
VENBNB;VEN;BNB
VENBTC;VEN;BTC
VENETH;VEN;ETH
VENUSDT;VEN;USDT
VETBNB;VET;BNB
VETBTC;VET;BTC
VETBUSD;VET;BUSD
VETETH;VET;ETH
VETEUR;VET;EUR
VETGBP;VET;GBP
VETTRY;VET;TRY
VETUSDT;VET;USDT
VIABNB;VIA;BNB
VIABTC;VIA;BTC
VIAETH;VIA;ETH
VIBBTC;VIB;BTC
VIBEBTC;VIBE;BTC
VIBEETH;VIBE;ETH
VIBETH;VIB;ETH
VIDTBTC;VIDT;BTC
VIDTBUSD;VIDT;BUSD
VITEBNB;VITE;BNB
VITEBTC;VITE;BTC
VITEUSDT;VITE;USDT
VTHOBNB;VTHO;BNB
VTHOBUSD;VTHO;BUSD
VTHOUSDT;VTHO;USDT
WABIBNB;WABI;BNB
WABIBTC;WABI;BTC
WABIETH;WABI;ETH
WANBNB;WAN;BNB
WANBTC;WAN;BTC
WANETH;WAN;ETH
WANUSDT;WAN;USDT
WAVESBNB;WAVES;BNB
WAVESBTC;WAVES;BTC
WAVESBUSD;WAVES;BUSD
WAVESETH;WAVES;ETH
WAVESPAX;WAVES;PAX
WAVESTUSD;WAVES;TUSD
WAVESUSDC;WAVES;USDC
WAVESUSDT;WAVES;USDT
WBTCBTC;WBTC;BTC
WBTCETH;WBTC;ETH
WINBNB;WIN;BNB
WINBRL;WIN;BRL
WINBTC;WIN;BTC
WINEUR;WIN;EUR
WINGBNB;WING;BNB
WINGBTC;WING;BTC
WINGBUSD;WING;BUSD
WINGSBTC;WINGS;BTC
WINGSETH;WINGS;ETH
WINGUSDT;WING;USDT
WINTRX;WIN;TRX
WINUSDC;WIN;USDC
WINUSDT;WIN;USDT
WNXMBNB;WNXM;BNB
WNXMBTC;WNXM;BTC
WNXMBUSD;WNXM;BUSD
WNXMUSDT;WNXM;USDT
WPRBTC;WPR;BTC
WPRETH;WPR;ETH
WRXBNB;WRX;BNB
WRXBTC;WRX;BTC
WRXBUSD;WRX;BUSD
WRXEUR;WRX;EUR
WRXUSDT;WRX;USDT
WTCBNB;WTC;BNB
WTCBTC;WTC;BTC
WTCETH;WTC;ETH
WTCUSDT;WTC;USDT
XEMBNB;XEM;BNB
XEMBTC;XEM;BTC
XEMETH;XEM;ETH
XEMUSDT;XEM;USDT
XLMBNB;XLM;BNB
XLMBTC;XLM;BTC
XLMBUSD;XLM;BUSD
XLMDOWNUSDT;XLMDOWN;USDT
XLMETH;XLM;ETH
XLMEUR;XLM;EUR
XLMPAX;XLM;PAX
XLMTRY;XLM;TRY
XLMTUSD;XLM;TUSD
XLMUPUSDT;XLMUP;USDT
XLMUSDC;XLM;USDC
XLMUSDT;XLM;USDT
XMRBNB;XMR;BNB
XMRBTC;XMR;BTC
XMRBUSD;XMR;BUSD
XMRETH;XMR;ETH
XMRUSDT;XMR;USDT
XRPAUD;XRP;AUD
XRPBEARBUSD;XRPBEAR;BUSD
XRPBEARUSDT;XRPBEAR;USDT
XRPBKRW;XRP;BKRW
XRPBNB;XRP;BNB
XRPBRL;XRP;BRL
XRPBTC;XRP;BTC
XRPBULLBUSD;XRPBULL;BUSD
XRPBULLUSDT;XRPBULL;USDT
XRPBUSD;XRP;BUSD
XRPDOWNUSDT;XRPDOWN;USDT
XRPETH;XRP;ETH
XRPEUR;XRP;EUR
XRPGBP;XRP;GBP
XRPNGN;XRP;NGN
XRPPAX;XRP;PAX
XRPRUB;XRP;RUB
XRPTRY;XRP;TRY
XRPTUSD;XRP;TUSD
XRPUPUSDT;XRPUP;USDT
XRPUSDC;XRP;USDC
XRPUSDT;XRP;USDT
XTZBNB;XTZ;BNB
XTZBTC;XTZ;BTC
XTZBUSD;XTZ;BUSD
XTZDOWNUSDT;XTZDOWN;USDT
XTZUPUSDT;XTZUP;USDT
XTZUSDT;XTZ;USDT
XVGBTC;XVG;BTC
XVGBUSD;XVG;BUSD
XVGETH;XVG;ETH
XVSBNB;XVS;BNB
XVSBTC;XVS;BTC
XVSBUSD;XVS;BUSD
XVSUSDT;XVS;USDT
XZCBNB;XZC;BNB
XZCBTC;XZC;BTC
XZCETH;XZC;ETH
XZCUSDT;XZC;USDT
XZCXRP;XZC;XRP
YFIBNB;YFI;BNB
YFIBTC;YFI;BTC
YFIBUSD;YFI;BUSD
YFIDOWNUSDT;YFIDOWN;USDT
YFIEUR;YFI;EUR
YFIIBNB;YFII;BNB
YFIIBTC;YFII;BTC
YFIIBUSD;YFII;BUSD
YFIIUSDT;YFII;USDT
YFIUPUSDT;YFIUP;USDT
YFIUSDT;YFI;USDT
YOYOBNB;YOYO;BNB
YOYOBTC;YOYO;BTC
YOYOETH;YOYO;ETH
ZECBNB;ZEC;BNB
ZECBTC;ZEC;BTC
ZECBUSD;ZEC;BUSD
ZECETH;ZEC;ETH
ZECPAX;ZEC;PAX
ZECTUSD;ZEC;TUSD
ZECUSDC;ZEC;USDC
ZECUSDT;ZEC;USDT
ZENBNB;ZEN;BNB
ZENBTC;ZEN;BTC
ZENETH;ZEN;ETH
ZENUSDT;ZEN;USDT
ZILBIDR;ZIL;BIDR
ZILBNB;ZIL;BNB
ZILBTC;ZIL;BTC
ZILBUSD;ZIL;BUSD
ZILETH;ZIL;ETH
ZILUSDT;ZIL;USDT
ZRXBNB;ZRX;BNB
ZRXBTC;ZRX;BTC
ZRXBUSD;ZRX;BUSD
ZRXETH;ZRX;ETH
ZRXUSDT;ZRX;USDT
